IDs	AC045(1)	AC045(2)	AC082(1)	AC082(2)	AC087(1)	AC087(2)	AC137(1)	AC137(2)	CA128(1)	CA128(2)	CA141(1)	CA141(2)	CA232(1)	CA232(2)	CA234(1)	CA234(2)	EV037(1)	EV037(2)	GATA028(1)	GATA028(2)	GATA098(1)	GATA098(2)	GATA25072(1)	GATA25072(2)	GATA38314(1)	GATA38314(2)	GATA417(1)	GATA417(2)	GATA43950(1)	GATA43950(2)	GATA52422(1)	GATA52422(2)	GATA6059012(1)	GATA6059012(2)	GATA6063318(1)	GATA6063318(2)	GATA6063862(1)	GATA6063862(2)	GATA6064765(1)	GATA6064765(2)	GATA91083(1)	GATA91083(2)	GATA97408(1)	GATA97408(2)	GT011(1)	GT011(2)	GT023(1)	GT023(2)	GT101(1)	GT101(2)	GT271(1)	GT271(2)	GT310(1)	GT310(2)	GT541(1)	GT541(2)	GT575(1)	GT575(2)	TR3G2(1)	TR3G2(2)
Bmus01	180	180	123	125	174	176	111	113	98	140	178	186	168	168	210	210	193	193	214	222	97	121	389	393	329	365	191	191	363	371	330	334	369	369	303	311	247	275	309	343	171	215	238	280	111	125	122	122	110	110	106	106	108	110	101	101	148	156	171	187
Bmus02	178	182	123	123	168	174	93	111	98	130	178	178	168	168	202	210	193	193	210	210	125	129	389	393	329	357	191	191	367	371	330	334	369	369	315	315	251	267	339	351	159	171	264	276	107	117	120	128	86	86	106	108	104	104	101	101	148	156	171	175
Bmus03	180	180	123	123	174	174	91	113	130	140	178	178	166	168	206	210	179	179	210	214	125	125	393	393	345	357	191	207	371	371	330	334	369	369	315	315	259	259	339	347	251	251	272	276	107	113	122	122	112	112	106	106	104	104	91	91	148	156	187	187
Bmus04	180	180	127	127	174	176	93	105	130	130	178	178	146	146	206	208	179	193	218	222	125	125	393	397	341	357	199	203	363	371	330	334	361	369	315	315	251	275	313	339	159	179	268	272	111	113	120	128	82	110	104	106	104	110	89	89	148	148	179	187
Bmus05	178	180	123	129	172	174	113	113	130	140	170	178	170	170	202	210	193	193	210	222	125	129	389	393	349	349	191	203	359	363	330	338	357	361	319	327	251	251	305	339	159	175	264	276	111	125	120	124	86	86	104	106	108	110	91	101	148	148	175	175
Bmus06	178	180	123	123	174	174	109	111	98	98	178	184	168	168	210	210	193	193	210	222	125	125	389	393	329	357	191	199	371	383	330	330	369	369	307	315	251	251	343	347	159	175	264	276	111	117	128	128	86	86	106	108	104	104	91	101	148	156	171	171
Bmus07	180	182	123	123	172	174	113	113	130	140	178	186	168	168	206	208	179	193	214	226	97	125	389	393	349	365	191	203	363	371	330	330	361	373	307	307	251	275	305	305	159	171	264	276	111	111	124	126	86	112	104	108	104	108	91	99	148	150	171	175
Bmus08	180	180	123	127	174	174	111	113	98	98	178	178	168	168	208	210	179	193	210	214	121	129	389	393	345	369	195	199	371	371	330	338	361	361	315	319	259	275	339	347	159	247	264	264	101	113	122	126	86	110	106	106	104	108	91	91	156	156	183	191
Bmus09	178	180	123	143	174	174	109	113	98	130	178	178	166	168	210	212	193	199	206	214	125	125	385	393	349	365	195	199	371	371	330	334	361	369	299	319	267	275	309	317	171	175	264	264	111	113	128	128	86	86	104	106	104	108	89	101	148	156	187	187
Bmus10	180	180	123	127	174	174	111	113	130	140	178	184	146	166	210	210	179	193	214	214	117	129	389	397	345	353	195	203	367	379	330	330	369	369	307	307	267	279	305	343	179	179	264	280	111	113	126	130	86	110	106	106	104	108	91	101	150	150	171	191
Bmus11	178	180	123	123	172	174	111	113	98	130	170	178	166	168	204	212	193	193	214	214	117	125	385	393	349	365	207	223	391	391	330	330	357	357	307	315	271	275	313	313	159	187	268	268	111	117	120	124	86	112	104	106	104	108	83	101	150	156	171	175
Bmus12	178	180	123	123	168	174	111	113	98	130	170	178	166	166	208	208	193	193	210	222	121	125	385	397	345	365	187	223	367	371	330	338	365	365	304	309	251	267	313	355	159	191	264	268	113	123	124	126	82	86	104	106	104	108	91	101	148	158	171	179
Bmus13	178	180	123	127	172	174	113	113	130	140	170	178	148	168	204	210	175	195	210	214	117	117	381	393	345	345	187	191	371	399	330	334	361	361	307	319	247	247	309	317	159	171	252	252	111	111	120	122	86	106	106	106	104	104	93	101	148	156	175	179
Bmus14	-9	-9	123	127	174	174	93	105	98	140	172	178	-9	-9	208	210	193	193	188	222	125	129	393	397	341	357	191	219	371	391	334	334	365	365	315	315	259	271	301	301	159	171	264	268	117	125	122	122	82	106	104	106	104	104	91	91	156	156	171	175
Bmus15	180	180	123	123	172	172	111	113	98	140	170	178	148	166	210	210	175	199	188	206	125	129	389	393	329	349	223	223	359	371	330	330	361	361	315	315	259	275	297	317	159	179	264	268	119	125	124	130	82	86	104	114	104	108	89	99	148	148	175	175
Bmus16	180	180	123	123	170	172	111	113	130	130	170	178	166	166	208	210	193	193	222	222	125	125	393	397	345	365	207	223	367	399	330	330	365	365	307	319	251	271	313	339	159	159	268	276	117	123	122	126	86	110	106	106	104	108	91	101	148	148	163	179
Bmus17	180	180	127	127	172	184	111	113	130	140	172	178	168	168	202	210	193	193	188	218	125	129	389	393	329	329	203	207	371	371	330	330	353	353	319	319	255	275	309	339	171	171	252	276	111	113	124	126	82	86	106	106	104	104	91	101	148	156	171	175
Bmus18	180	182	123	125	172	174	91	113	98	140	178	180	-9	-9	204	206	179	193	214	214	117	129	393	397	345	365	191	199	367	371	330	330	353	353	315	319	275	279	309	313	159	167	268	276	111	117	120	122	86	106	106	106	104	104	83	101	148	156	163	187
Bmus19	180	180	123	123	172	172	109	109	130	140	178	186	146	168	208	210	193	193	218	222	125	125	393	397	345	345	195	219	363	371	330	330	361	361	304	313	247	259	305	317	175	179	272	276	111	113	120	126	82	86	106	108	104	104	91	93	148	154	171	175
Bmus20	180	180	123	123	174	174	93	111	130	140	178	178	166	168	208	210	193	193	206	206	117	125	389	397	349	349	187	191	363	371	330	338	361	361	307	319	251	271	285	305	171	179	268	272	117	125	120	124	82	82	104	106	108	110	87	91	148	156	175	175
Bmus21	180	180	123	127	172	172	113	113	140	140	170	178	166	166	208	210	193	199	188	218	121	125	389	393	349	349	195	223	359	363	330	330	365	365	307	315	283	283	297	317	159	171	268	268	111	119	120	124	82	86	104	106	104	104	89	91	148	148	175	187
Bmus22	180	180	123	125	174	174	109	113	140	140	170	178	146	168	202	208	193	195	218	222	97	125	381	393	345	349	203	211	367	383	330	330	361	361	307	315	247	255	297	305	171	179	264	272	111	117	128	130	86	106	104	106	104	104	87	91	150	154	171	175
Bmus23	178	180	123	123	172	174	113	115	130	140	178	178	166	166	210	210	193	195	206	206	117	129	389	393	345	349	203	223	371	383	338	338	-9	-9	-9	-9	267	271	313	339	159	159	268	268	107	113	126	130	86	106	104	106	108	108	91	91	148	150	163	175
Bmus24	180	180	123	127	174	174	111	113	130	140	170	178	166	166	206	210	193	193	214	214	97	125	389	393	365	377	179	207	363	363	330	330	-9	-9	-9	-9	251	267	305	351	171	171	276	276	107	111	122	126	82	86	106	106	104	104	101	101	148	156	175	175
Bmus25	180	180	123	123	172	174	109	113	98	140	170	184	166	168	210	210	193	199	188	210	125	125	389	393	329	345	191	195	363	383	330	330	365	365	315	315	251	275	-9	-9	159	171	264	268	111	117	120	128	82	86	104	106	104	104	89	101	148	156	171	175
Bmus26	180	180	127	129	174	174	113	113	98	130	178	178	166	166	204	210	175	199	210	218	117	129	393	393	349	365	191	199	363	379	330	330	369	369	315	327	251	251	317	339	159	237	238	276	117	121	122	126	82	86	106	106	104	108	83	91	148	156	171	191
Bmus27	178	180	123	129	174	174	113	113	140	140	178	184	166	166	208	210	193	193	222	222	125	125	393	393	349	357	199	211	363	383	330	330	349	357	307	315	251	259	293	343	159	175	264	272	117	117	128	130	86	110	104	108	104	108	89	91	148	150	171	191
Bmus28	180	182	127	127	168	168	109	113	98	98	170	178	146	170	206	208	193	199	206	218	97	121	377	397	349	357	187	223	367	395	330	330	-9	-9	315	315	259	275	309	347	159	191	238	268	113	117	122	130	86	86	104	106	104	104	91	101	148	148	175	179
Bmus29	180	182	123	127	168	174	113	113	130	140	170	178	148	166	204	208	193	199	214	222	117	125	385	393	345	349	191	195	391	399	330	330	365	365	319	319	283	283	305	315	171	247	264	268	111	113	120	122	86	110	104	106	104	104	89	89	148	156	163	175
Bmus30	178	180	127	129	172	174	111	113	98	130	178	178	164	166	208	208	193	193	188	210	121	129	389	393	349	349	191	215	367	371	330	334	373	373	315	315	259	275	293	305	159	179	268	276	107	113	120	122	82	82	104	108	104	104	89	101	148	150	171	187
Bmus31	178	178	123	127	172	174	111	111	98	130	178	184	166	166	208	210	179	195	206	214	121	125	381	389	345	349	191	195	363	399	330	334	369	369	311	315	263	267	301	339	159	171	264	264	111	123	130	130	86	106	106	106	104	108	91	91	150	156	171	175
Bmus32	180	180	123	123	174	174	113	115	98	130	178	184	166	168	202	210	175	193	222	222	125	129	389	393	329	345	191	207	367	371	330	338	349	353	315	319	267	279	293	343	175	215	260	264	107	117	122	122	86	86	104	116	104	108	83	99	148	150	171	179
Bmus33	178	180	125	127	168	174	97	109	130	130	178	178	166	168	202	208	193	193	214	222	121	125	389	397	349	353	211	219	371	375	330	330	377	377	313	317	259	275	335	335	159	171	268	276	111	117	126	126	110	110	106	106	104	104	83	89	148	156	175	191
Bmus34	180	180	123	123	174	174	113	117	130	130	178	178	164	168	204	210	175	179	214	222	125	125	381	393	341	357	191	199	367	367	334	338	362	362	313	313	271	279	305	309	171	171	272	276	113	117	122	122	86	106	104	106	104	104	89	91	148	156	175	179
Bmus35	180	180	127	127	172	174	109	113	140	140	178	178	166	168	202	206	193	195	210	218	125	125	381	397	353	365	203	223	367	367	330	330	365	365	315	319	251	255	351	351	171	171	268	272	107	111	122	130	82	86	106	106	104	110	91	91	148	156	163	175
Bmus36	178	178	123	143	168	168	113	113	98	130	170	178	168	170	206	210	193	193	214	214	125	125	381	389	349	349	195	207	363	371	330	330	365	369	311	315	259	267	313	317	171	179	276	276	111	113	128	130	82	86	104	106	108	108	91	91	156	156	175	187
Bmus37	178	180	127	149	174	174	113	115	130	140	172	178	168	168	204	210	179	193	188	210	125	125	381	389	329	369	207	219	371	379	330	330	369	369	315	319	259	259	305	305	159	251	280	280	111	121	120	128	86	110	104	104	104	108	83	89	150	154	175	175
Bmus38	178	180	123	123	174	174	111	113	98	98	178	184	166	166	206	208	193	195	206	210	117	125	385	389	349	349	195	207	371	399	330	334	361	369	311	319	255	263	301	309	159	171	264	268	111	111	130	130	86	106	106	106	104	108	91	91	156	156	171	187
Bmus39	180	182	123	127	174	174	111	113	98	130	178	178	166	170	206	210	193	193	188	210	117	125	385	393	349	365	207	207	371	391	330	330	361	369	319	319	255	259	309	309	159	159	264	268	111	111	126	130	82	86	106	106	108	108	91	101	156	156	171	187
Bmus40	178	182	123	123	174	174	113	113	130	140	178	178	166	166	206	210	193	193	206	222	117	125	389	389	349	349	191	203	363	383	330	338	-9	-9	307	315	267	275	313	313	159	171	268	272	107	113	126	126	80	106	104	106	104	108	91	91	148	148	175	175
Bmus41	178	180	127	127	172	180	111	113	98	130	178	184	166	168	208	210	193	201	206	206	121	125	381	393	349	349	195	195	363	363	330	334	361	361	308	317	267	267	301	309	159	243	264	276	111	111	126	130	86	106	106	106	104	104	91	101	148	150	171	175
Bmus42	180	180	123	127	174	174	111	113	98	98	172	178	168	170	208	210	193	193	206	218	117	125	381	381	329	357	187	223	371	395	334	338	369	369	319	319	247	275	309	309	171	215	264	272	111	117	122	130	86	110	104	106	104	108	99	101	148	156	175	191
Bmus43	178	180	123	127	174	174	105	107	140	140	178	178	168	168	204	206	179	193	184	214	117	125	381	393	349	349	187	199	367	391	330	330	-9	-9	312	312	251	271	289	343	159	171	264	264	111	123	126	130	82	86	104	106	106	108	89	91	148	148	179	187
Bmus44	180	180	123	125	174	184	113	113	98	130	178	178	168	168	208	210	193	195	188	210	97	117	373	381	349	357	191	203	371	371	330	334	361	361	311	315	247	267	309	347	171	179	268	276	111	113	124	124	86	112	104	106	104	108	91	91	148	154	179	187
Bmus45	178	180	127	129	174	176	113	113	98	130	170	178	166	168	210	210	193	193	210	218	125	125	393	397	349	353	199	207	363	367	330	330	365	365	319	319	271	275	305	309	159	171	264	272	113	117	120	122	86	86	106	106	104	108	91	91	154	156	175	175
Bmus46	178	180	123	129	174	174	91	113	130	134	170	178	166	166	202	210	179	193	210	214	113	125	389	393	349	357	191	211	371	383	330	330	373	373	315	315	259	271	305	309	179	179	264	272	111	119	120	122	86	112	106	106	104	108	91	101	148	156	175	187
Bmus47	178	182	123	123	174	174	113	115	98	130	178	178	168	170	210	210	193	199	188	214	117	117	385	393	349	365	179	207	371	391	330	330	369	369	315	319	255	275	339	339	159	251	264	268	111	123	120	126	82	110	106	106	104	108	83	91	156	156	171	171
Bmus48	178	178	123	143	174	174	111	113	98	130	178	184	168	168	208	210	193	195	214	214	125	125	381	385	337	345	195	211	371	399	330	334	369	369	315	319	251	267	301	301	159	171	264	268	111	117	124	130	86	106	106	106	104	104	91	99	156	156	175	175
Bmus49	180	180	123	125	174	174	113	113	98	140	178	178	166	166	208	210	193	195	214	222	121	129	393	393	353	369	211	211	371	383	330	330	-9	-9	315	315	247	275	293	293	179	247	264	264	111	117	128	130	82	86	104	106	104	108	91	91	148	150	175	191
Bmus50	178	182	123	127	168	174	93	113	130	130	178	178	168	168	202	208	193	193	210	210	125	129	389	393	329	361	191	191	367	371	330	334	353	369	315	319	267	267	305	339	171	243	264	276	107	111	120	122	86	86	106	106	104	108	91	101	148	148	175	175
Bmus51	180	180	123	127	174	184	111	113	130	134	184	184	-9	-9	202	210	193	195	214	218	125	125	393	393	345	353	191	215	367	367	334	342	349	361	307	315	271	275	309	351	171	179	268	268	111	123	122	124	86	86	104	106	104	108	91	101	148	148	171	171
Bmus52	180	180	123	123	174	180	109	111	98	98	178	178	168	170	210	210	193	193	206	222	121	125	389	393	329	365	187	191	371	383	330	330	369	369	315	319	251	251	309	343	159	237	238	264	111	117	120	128	86	110	106	106	104	104	91	101	156	156	171	171
Bmus53	178	180	125	127	172	174	111	113	130	130	178	178	164	164	208	210	193	193	188	214	121	125	381	393	329	349	191	191	371	371	330	334	373	373	315	319	283	287	293	293	171	179	260	276	113	117	120	130	82	82	106	108	104	104	89	101	148	148	179	187
Bmus54	178	180	123	123	174	174	111	113	130	130	170	178	140	168	210	210	193	193	214	214	117	121	385	393	349	357	215	223	371	395	330	330	357	357	307	311	259	275	313	347	159	215	268	268	111	117	122	124	86	86	104	106	104	108	83	101	148	156	175	187
Bmus55	178	178	123	129	174	174	109	115	98	98	178	190	166	170	210	210	193	199	188	206	117	125	389	393	365	365	207	207	359	391	330	330	369	369	307	319	275	275	289	289	237	251	238	264	111	111	122	126	86	110	106	114	108	108	83	101	156	156	167	171
Bmus56	180	180	127	129	174	174	113	113	130	130	178	178	166	168	198	210	175	179	210	210	125	129	393	393	349	349	191	203	379	395	330	330	369	369	315	327	251	263	339	339	159	179	238	268	113	117	120	126	82	86	104	106	108	108	83	83	148	148	175	191
Bmus57	180	180	123	127	168	174	113	113	98	130	178	178	166	166	208	210	193	195	210	214	117	125	385	393	353	353	203	207	367	371	334	338	-9	-9	319	319	279	283	347	347	159	179	264	276	121	125	124	126	80	82	106	114	104	108	91	91	148	148	175	175
Bmus58	180	182	123	127	168	172	113	113	130	130	178	178	148	164	204	210	193	193	188	222	121	125	381	393	345	349	191	191	371	391	330	330	373	373	315	319	283	287	313	313	171	171	264	276	111	117	120	130	82	86	106	108	104	104	89	89	148	156	163	187
Bmus59	178	182	123	123	180	180	93	113	130	140	170	186	148	148	208	210	193	193	210	214	125	125	385	393	329	353	187	191	371	399	330	330	361	361	307	319	247	259	305	309	171	179	268	276	111	115	122	126	86	110	106	106	104	104	101	101	148	156	171	175
Bmus60	178	180	127	127	168	180	93	113	98	98	172	180	146	146	206	206	193	193	210	214	121	125	397	397	349	365	191	195	371	395	330	338	369	369	315	315	279	283	331	335	159	159	264	272	125	125	122	122	80	86	106	114	104	104	99	101	148	148	175	187
