IDs	AC045(1)	AC045(2)	AC082(1)	AC082(2)	AC087(1)	AC087(2)	Bmy16(1)	Bmy16(2)	Bmy19(1)	Bmy19(2)	Bmy26(1)	Bmy26(2)	Bmy33(1)	Bmy33(2)	Bmy41(1)	Bmy41(2)	Bmy42(1)	Bmy42(2)	Bmy58(1)	Bmy58(2)	CA128(1)	CA128(2)	CA141(1)	CA141(2)	CA232(1)	CA232(2)	CA234(1)	CA234(2)	GATA028(1)	GATA028(2)	GATA098(1)	GATA098(2)	GATA19406(1)	GATA19406(2)	GATA3635(1)	GATA3635(2)	GATA38314(1)	GATA38314(2)	GATA52422(1)	GATA52422(2)	GATA5984139(1)	GATA5984139(2)	GATA6063318(1)	GATA6063318(2)	GATA6064765(1)	GATA6064765(2)	GATA6237777(1)	GATA6237777(2)	GT011(1)	GT011(2)	GT023(1)	GT023(2)	GT101(1)	GT101(2)	GT122(1)	GT122(2)	GT129(1)	GT129(2)	GT310(1)	GT310(2)
Bmys01	183	187	115	119	166	172	209	211	114	122	142	170	139	139	202	214	176	178	133	133	119	121	177	177	146	150	190	192	182	196	99	111	273	281	301	301	329	333	334	334	200	200	291	291	294	294	123	127	105	107	116	116	97	105	131	135	82	82	97	101
Bmys02	183	191	115	117	160	172	211	211	114	120	164	168	139	139	218	224	178	182	129	177	129	129	177	179	150	150	190	190	196	242	99	119	269	277	285	305	319	321	326	338	200	204	291	299	318	318	111	127	105	105	112	118	97	101	135	135	82	82	101	101
Bmys03	183	189	113	115	166	172	215	221	116	126	164	176	139	149	210	218	178	184	171	179	129	129	179	181	144	152	190	200	196	196	99	111	269	269	297	309	321	321	326	334	200	204	295	299	294	318	111	135	105	105	114	118	97	105	131	135	82	90	97	97
Bmys04	185	191	115	115	172	172	211	221	106	114	166	178	139	151	200	202	176	176	143	171	117	119	181	183	146	146	190	192	182	222	95	99	269	277	297	309	329	343	334	338	200	204	291	295	294	310	123	127	105	107	114	114	101	105	131	137	82	90	101	101
Bmys05	183	191	113	117	160	172	209	215	126	126	166	172	149	153	204	230	174	182	127	131	119	129	179	181	146	146	190	192	182	182	99	119	269	277	289	297	319	333	334	334	200	200	291	305	294	310	123	127	105	105	112	114	97	101	131	135	82	92	99	99
Bmys06	183	185	113	113	162	172	209	217	114	114	152	154	139	153	212	214	176	178	133	175	119	119	181	181	144	144	190	202	196	238	95	99	269	269	301	309	319	321	334	334	200	200	291	295	298	334	127	135	105	105	112	114	95	95	135	135	88	88	97	101
Bmys07	183	185	113	117	172	172	209	211	114	126	142	164	135	159	204	208	180	180	133	173	119	129	181	181	146	150	202	204	182	246	99	107	277	277	301	301	321	329	334	334	200	204	287	291	294	294	123	131	107	111	112	116	99	99	131	135	88	90	101	115
Bmys08	181	185	117	117	162	166	211	211	114	128	166	174	149	149	220	222	176	178	131	189	119	119	179	179	144	152	180	202	182	196	99	115	269	269	285	289	329	347	326	330	200	204	291	299	294	298	123	127	105	105	112	114	87	87	131	135	82	88	97	101
Bmys09	183	185	117	117	162	166	209	211	114	128	166	178	141	149	208	220	178	178	131	163	119	129	179	183	150	152	200	202	182	196	95	115	269	277	285	301	347	347	330	330	204	204	291	295	298	310	123	127	105	111	114	114	87	87	131	137	82	82	97	101
Bmys10	183	183	115	115	162	172	211	211	104	114	150	164	135	139	208	218	176	180	131	143	119	119	179	181	148	150	190	190	196	234	111	119	269	269	301	301	321	333	334	334	204	204	291	291	298	318	127	135	107	111	112	118	87	101	131	135	82	90	-9	-9
Bmys11	183	183	113	117	172	172	213	217	114	114	164	166	139	149	212	214	162	178	129	133	119	129	179	181	146	152	192	192	196	196	111	115	269	277	301	301	333	349	338	338	200	204	291	299	298	326	119	135	105	105	116	118	87	87	135	135	82	90	101	101
Bmys12	183	185	113	113	160	160	209	217	120	124	140	152	151	151	202	206	178	178	127	177	119	119	179	181	144	146	202	204	182	222	99	99	269	277	289	301	319	349	334	338	200	200	295	309	290	294	111	127	105	105	112	114	97	97	133	137	82	90	97	97
Bmys13	183	189	115	115	172	172	209	221	106	126	164	166	139	151	202	218	176	178	169	171	119	129	181	181	144	146	200	204	196	242	99	99	269	269	301	309	321	329	330	334	204	204	291	299	310	318	111	123	105	107	114	118	87	97	135	135	82	82	97	101
Bmys14	181	185	117	117	162	172	209	211	114	114	154	174	149	153	206	222	176	178	131	189	119	119	179	179	144	150	180	202	196	238	95	99	269	269	285	289	329	333	326	330	200	200	291	299	294	294	111	123	105	107	112	122	87	87	131	135	82	88	97	101
Bmys15	183	185	115	115	162	172	211	215	112	116	154	168	135	139	238	242	178	182	161	179	119	121	173	181	150	150	200	204	234	238	99	99	273	277	285	301	329	345	334	338	200	204	291	291	294	298	123	127	107	111	112	112	87	97	135	137	82	88	99	99
Bmys16	183	185	115	117	166	178	211	211	104	114	170	174	153	153	218	220	-9	-9	127	133	119	121	179	181	144	144	190	192	182	230	99	99	273	277	301	301	327	329	334	338	200	204	291	291	294	330	123	123	105	105	118	120	87	101	135	135	82	82	101	101
Bmys17	183	183	113	115	162	162	211	217	116	124	154	162	139	139	208	238	178	182	133	179	119	119	173	179	144	150	200	202	238	238	99	99	273	277	285	301	329	345	330	338	200	204	291	310	294	310	123	127	105	111	112	114	87	87	133	137	82	82	97	101
Bmys18	183	185	115	117	162	172	211	217	120	120	142	156	143	149	208	210	180	182	171	175	119	119	179	181	146	152	180	202	182	196	99	119	269	273	297	301	319	345	334	338	200	200	291	291	294	298	123	131	105	111	112	112	93	99	133	135	82	82	101	101
Bmys19	183	183	115	117	160	172	211	211	104	114	154	178	135	135	208	214	174	176	143	171	119	119	181	181	150	152	190	200	182	226	95	99	269	273	297	301	329	343	334	334	200	204	291	291	294	330	123	127	105	107	114	120	87	87	133	137	82	88	101	101
Bmys20	183	185	113	115	162	176	209	209	104	122	142	172	139	149	220	220	178	178	155	163	119	119	173	181	146	148	190	202	226	238	99	119	277	277	301	301	327	343	326	338	200	204	291	295	294	318	123	131	105	107	112	120	87	99	133	135	82	90	101	101
Bmys21	181	191	113	113	160	172	211	217	116	122	166	174	135	139	208	220	162	180	133	171	117	119	181	181	146	150	202	204	182	230	95	95	269	269	301	305	325	329	334	338	200	200	291	295	318	330	111	123	105	107	114	116	87	87	131	137	82	90	97	101
Bmys22	183	191	113	117	166	172	211	211	114	116	164	166	135	151	204	214	178	182	125	177	119	119	179	181	146	150	190	202	230	234	99	99	269	277	297	309	321	333	334	334	204	204	291	295	294	330	115	127	105	107	114	116	97	101	131	133	90	90	97	101
Bmys23	181	191	113	115	160	172	211	217	116	124	142	164	139	139	192	228	168	178	143	173	119	129	179	179	150	152	190	202	196	196	99	111	269	269	297	301	335	341	330	338	200	204	291	295	306	318	111	111	105	107	112	118	101	101	131	135	82	82	97	101
Bmys24	179	185	115	117	160	166	209	215	114	114	142	150	151	151	206	208	168	180	127	143	119	119	177	177	146	148	190	200	222	234	99	111	277	277	281	305	325	329	334	334	200	204	291	309	294	326	127	131	107	111	114	114	87	97	135	137	88	90	97	101
Bmys25	185	187	115	115	162	172	211	211	112	116	142	154	139	139	226	242	166	182	143	179	119	129	179	181	150	150	202	204	238	238	99	111	273	277	285	301	319	345	334	338	204	204	291	291	294	310	127	127	105	111	112	114	87	87	135	137	82	90	101	101
Bmys26	183	183	115	115	172	176	209	209	114	116	158	166	149	153	216	218	162	178	129	133	119	119	181	181	144	150	192	202	182	196	115	119	269	277	305	313	329	331	338	338	200	200	287	291	318	322	111	135	105	107	116	118	87	97	135	135	82	90	97	101
Bmys27	185	185	113	117	160	166	211	217	114	120	152	170	139	151	202	220	178	178	127	175	117	119	179	181	144	146	190	202	222	238	99	99	277	277	289	317	319	327	338	338	200	204	299	313	294	294	127	131	105	105	112	112	97	97	133	135	82	88	97	101
Bmys28	181	183	115	117	160	166	211	215	114	122	142	166	141	153	208	208	176	178	143	177	119	121	181	181	146	152	190	192	222	234	99	111	269	269	301	301	329	347	334	338	200	200	291	295	318	322	111	111	105	107	112	118	87	87	131	137	88	90	95	99
Bmys29	181	183	113	117	162	172	209	217	126	126	154	166	151	153	192	214	174	176	131	177	119	119	177	181	144	152	190	202	234	238	99	99	269	277	301	309	319	319	334	338	200	200	295	295	294	298	123	127	105	107	114	114	105	105	135	137	82	88	97	101
Bmys30	183	183	117	117	162	172	213	219	114	120	164	178	139	151	202	214	162	178	131	133	117	119	179	181	146	146	192	192	196	242	95	115	269	269	301	305	319	319	334	338	200	204	291	299	294	326	127	127	105	109	114	118	93	99	131	135	82	82	101	101
Bmys31	181	183	117	117	162	172	209	213	114	126	166	172	139	151	192	228	174	176	163	177	119	129	173	177	150	152	190	204	182	234	99	99	273	277	301	301	321	327	334	338	200	204	299	299	294	330	123	127	107	107	114	114	105	105	131	137	82	88	101	101
Bmys32	183	183	113	117	162	166	209	211	108	114	162	164	135	135	196	208	178	178	175	185	119	119	179	179	146	150	190	204	196	222	99	99	269	269	301	305	321	329	330	330	200	204	291	291	294	310	127	127	107	111	112	118	93	99	135	137	82	90	101	101
Bmys33	183	185	115	115	160	160	209	211	108	114	152	154	135	143	216	218	174	180	133	169	119	133	179	179	144	152	180	190	226	226	99	119	269	273	301	309	325	329	326	338	200	200	291	291	294	294	111	127	105	107	114	116	87	101	135	137	82	82	97	101
Bmys34	181	187	113	115	160	174	209	211	112	118	168	170	139	151	204	208	168	178	123	131	129	131	179	179	144	152	190	204	182	238	95	99	273	277	285	297	325	329	334	342	200	200	291	295	306	310	117	127	105	107	114	120	87	97	135	135	82	82	99	99
Bmys35	185	191	113	117	160	166	211	211	114	116	168	170	139	141	206	220	178	182	169	175	117	119	179	179	144	144	190	192	196	238	99	99	277	277	301	317	329	329	334	338	200	204	291	295	294	294	123	131	105	109	112	114	97	103	135	135	88	90	101	101
Bmys36	183	183	113	119	160	172	211	219	116	118	158	174	139	139	208	226	162	182	133	181	119	129	179	179	146	146	198	198	182	182	99	107	269	277	285	285	325	333	338	338	200	204	291	295	294	294	127	131	111	111	118	118	99	105	131	137	88	90	97	101
Bmys37	183	183	115	117	162	172	209	217	114	126	170	178	149	153	210	212	162	180	161	177	119	129	179	181	146	146	190	190	230	238	99	119	269	269	285	285	329	345	334	334	200	204	291	295	298	298	127	131	105	105	112	114	99	105	135	135	82	88	101	101
Bmys38	185	185	115	117	172	178	209	211	114	122	164	168	135	153	202	228	174	174	133	167	117	119	179	179	150	150	190	204	182	226	95	99	277	277	297	301	329	333	330	330	200	204	295	295	322	330	127	135	105	111	114	114	101	105	133	137	82	88	97	101
Bmys39	185	191	115	117	166	172	209	211	112	116	142	166	135	141	206	212	168	180	143	143	117	119	179	181	146	152	188	202	222	226	99	99	269	273	285	297	329	333	322	334	200	204	287	291	298	334	111	115	105	111	114	120	101	101	131	135	90	90	101	115
Bmys40	181	183	113	113	160	166	215	215	112	116	142	178	149	153	204	218	178	178	127	143	119	129	181	183	144	146	190	204	182	238	95	111	269	277	297	305	321	329	326	326	204	204	295	299	294	294	111	127	105	107	114	118	97	97	135	137	82	88	97	101
Bmys41	183	185	113	115	172	172	209	211	106	112	142	166	151	153	192	202	176	178	127	171	119	119	179	181	146	152	192	204	222	242	95	99	269	273	301	309	329	329	330	334	204	208	291	291	310	310	123	123	107	111	112	114	87	101	135	137	82	82	101	101
Bmys42	183	185	115	115	162	172	217	219	116	126	142	170	135	139	208	226	166	178	131	173	119	119	179	179	146	150	190	202	182	238	99	99	273	277	301	305	319	341	330	334	200	200	291	299	294	318	123	131	105	107	114	120	87	87	135	135	82	90	97	97
Bmys43	183	191	115	117	162	172	211	211	112	114	166	170	141	151	202	204	176	176	173	175	117	117	179	179	148	150	180	190	222	238	95	99	269	269	309	309	333	333	330	330	204	204	291	313	310	330	123	123	107	111	114	114	87	87	133	133	88	90	97	101
Bmys44	183	191	115	117	162	168	211	211	114	124	166	174	135	151	226	230	174	174	133	171	117	121	179	181	150	150	192	192	226	238	99	99	269	277	301	301	319	333	330	338	200	204	287	299	294	322	123	123	105	107	114	118	87	87	131	135	82	82	-9	-9
Bmys45	183	185	113	117	160	178	211	215	112	114	154	174	135	153	208	220	174	178	133	171	119	121	181	181	144	152	188	200	182	226	95	95	273	277	301	301	329	333	330	334	200	200	291	299	326	330	123	123	105	107	120	120	87	87	133	135	82	88	95	99
Bmys46	181	181	117	117	172	172	209	219	112	120	142	160	139	153	202	236	178	182	131	177	117	119	181	181	146	152	190	202	230	234	99	115	269	277	289	297	333	345	326	334	204	204	291	291	294	322	123	131	105	105	112	120	99	99	135	135	82	88	99	99
Bmys47	183	185	115	117	172	172	211	217	114	120	164	164	139	151	212	214	176	180	143	175	119	129	181	181	146	150	190	198	182	196	99	111	273	277	297	301	319	345	334	338	200	204	291	295	294	294	123	127	105	107	114	116	87	87	131	137	82	90	101	101
Bmys48	183	187	113	119	172	172	209	215	114	116	170	176	139	139	214	218	178	178	135	171	119	129	179	179	150	152	190	192	182	196	99	111	269	269	301	309	321	329	334	334	200	200	291	295	294	294	123	135	105	107	116	118	105	105	131	135	82	90	97	97
Bmys49	185	185	113	115	172	176	209	209	108	114	156	166	149	151	202	216	176	178	127	155	119	119	181	181	146	150	190	198	196	238	95	99	269	277	301	301	325	329	334	338	200	204	291	295	294	330	123	123	107	109	112	114	89	89	131	133	82	88	97	101
Bmys50	183	185	115	115	172	176	211	211	114	116	166	168	135	153	206	214	174	180	131	177	119	129	179	181	144	150	190	192	182	234	99	99	277	277	301	301	319	329	334	338	200	200	295	295	294	298	127	127	105	111	112	114	99	101	131	137	82	90	101	101
Bmys51	179	183	113	113	162	172	209	211	120	120	170	174	135	135	206	220	166	176	143	175	117	121	181	181	144	150	190	192	238	242	99	99	269	277	301	301	329	343	334	334	200	200	291	295	306	330	119	119	105	111	114	116	101	101	133	135	82	82	97	97
Bmys52	183	187	115	115	160	172	211	219	104	122	152	170	151	153	204	204	178	178	131	147	119	131	179	181	144	150	190	200	196	234	111	111	269	277	297	305	329	333	334	338	200	204	291	295	294	294	115	115	105	107	112	120	87	87	133	135	82	88	101	101
Bmys53	183	187	113	115	160	174	211	219	114	116	142	172	139	139	218	220	178	180	143	143	119	131	179	179	146	150	192	192	238	238	95	99	273	273	297	305	321	329	334	334	200	200	295	295	294	294	115	119	105	107	114	114	87	87	135	135	90	90	101	101
Bmys54	181	187	113	113	162	174	211	211	114	118	142	170	139	139	208	222	176	178	123	133	119	131	179	179	144	150	192	204	182	238	99	99	269	273	281	285	329	333	334	342	200	200	291	295	294	306	111	117	105	105	114	120	87	101	135	135	82	88	101	101
Bmys55	185	185	113	115	160	172	211	217	112	114	142	154	139	141	204	214	176	178	171	175	119	119	181	181	144	146	202	202	182	238	95	95	269	277	305	309	319	319	326	334	200	204	291	295	294	298	127	127	105	105	114	114	95	97	135	137	88	88	95	99
Bmys56	183	185	115	117	172	172	209	211	120	120	152	166	139	143	208	210	180	182	133	177	119	119	179	181	146	152	190	202	196	196	119	119	269	273	297	305	319	345	338	338	200	200	291	295	298	318	123	135	105	105	112	112	93	99	133	135	82	82	99	101
Bmys57	183	185	117	117	172	176	209	211	112	114	152	170	139	139	206	212	168	182	131	167	119	129	179	179	146	148	190	200	226	246	99	99	269	277	281	301	329	341	338	338	200	200	295	295	294	298	111	127	105	105	114	114	99	99	133	135	82	90	97	101
Bmys58	185	191	113	115	160	172	217	217	112	128	168	168	139	159	208	242	162	178	127	133	119	119	181	181	146	150	192	204	222	222	99	111	273	277	297	305	319	319	338	342	200	204	291	291	318	318	111	135	105	105	112	114	97	101	135	135	82	88	-9	-9
Bmys59	185	191	113	113	162	172	211	221	116	120	166	170	139	149	192	220	174	178	143	175	119	119	179	181	146	146	190	190	182	238	99	99	273	277	297	305	333	343	334	334	204	204	291	295	294	294	111	135	105	107	112	118	97	101	131	137	82	88	-9	-9
Bmys60	183	191	115	117	172	172	209	211	116	120	142	174	139	149	220	228	172	180	149	175	119	129	179	181	148	150	192	192	182	242	95	99	269	277	285	297	321	329	334	338	200	204	309	313	298	310	127	135	105	107	114	116	87	107	133	135	82	90	97	97
